Date,Price
1789-05-31,0.51
1789-06-30,0.51
1789-07-31,0.5
1789-08-31,0.51
1789-09-30,0.51
1789-10-31,0.51
1789-11-30,0.5
1789-12-31,0.5
1790-01-31,0.49
1790-02-28,0.49
1790-03-31,0.5
1790-04-30,0.5
1790-05-31,0.52
1790-06-30,0.53
1790-07-31,0.53
1790-08-31,0.54
1790-09-30,0.55
1790-10-31,0.56
1790-11-30,0.55
1790-12-31,0.57
1791-01-31,0.58
1791-02-28,0.59
1791-03-31,0.59
1791-04-30,0.6
1791-05-31,0.6
1791-06-30,0.6
1791-07-31,0.6
1791-08-31,0.61
1791-09-30,0.62
1791-10-31,0.62
1791-11-30,0.62
1791-12-31,0.63
1792-01-31,0.63
1792-02-29,0.62
1792-03-31,0.62
1792-04-30,0.62
1792-05-31,0.59
1792-06-30,0.58
1792-07-31,0.57
1792-08-31,0.57
1792-09-30,0.56
1792-10-31,0.54
1792-11-30,0.54
1792-12-31,0.54
1793-01-31,0.55
1793-02-28,0.57
1793-03-31,0.58
1793-04-30,0.59
1793-05-31,0.59
1793-06-30,0.6
1793-07-31,0.6
1793-08-31,0.6
1793-09-30,0.6
1793-10-31,0.61
1793-11-30,0.61
1793-12-31,0.62
1794-01-31,0.63
1794-02-28,0.64
1794-03-31,0.66
1794-04-30,0.66
1794-05-31,0.68
1794-06-30,0.7
1794-07-31,0.71
1794-08-31,0.73
1794-09-30,0.74
1794-10-31,0.74
1794-11-30,0.76
1794-12-31,0.76
1795-01-31,0.76
1795-02-28,0.78
1795-03-31,0.77
1795-04-30,0.78
1795-05-31,0.78
1795-06-30,0.78
1795-07-31,0.77
1795-08-31,0.77
1795-09-30,0.75
1795-10-31,0.75
1795-11-30,0.74
1795-12-31,0.73
1796-01-31,0.73
1796-02-29,0.72
1796-03-31,0.71
1796-04-30,0.71
1796-05-31,0.7
1796-06-30,0.67
1796-07-31,0.67
1796-08-31,0.66
1796-09-30,0.65
1796-10-31,0.65
1796-11-30,0.64
1796-12-31,0.63
1797-01-31,0.63
1797-02-28,0.63
1797-03-31,0.62
1797-04-30,0.62
1797-05-31,0.61
1797-06-30,0.61
1797-07-31,0.61
1797-08-31,0.6
1797-09-30,0.59
1797-10-31,0.58
1797-11-30,0.58
1797-12-31,0.58
1798-01-31,0.57
1798-02-28,0.58
1798-03-31,0.59
1798-04-30,0.6
1798-05-31,0.61
1798-06-30,0.62
1798-07-31,0.63
1798-08-31,0.65
1798-09-30,0.67
1798-10-31,0.68
1798-11-30,0.68
1798-12-31,0.69
1799-01-31,0.69
1799-02-28,0.71
1799-03-31,0.71
1799-04-30,0.72
1799-05-31,0.73
1799-06-30,0.73
1799-07-31,0.74
1799-08-31,0.74
1799-09-30,0.74
1799-10-31,0.76
1799-11-30,0.77
1799-12-31,0.79
1800-01-31,0.8
1800-02-28,0.8
1800-03-31,0.85
1800-04-30,0.89
1800-05-31,0.9
1800-06-30,0.92
1800-07-31,0.94
1800-08-31,0.96
1800-09-30,1.0
1800-10-31,1.01
1800-11-30,1.01
1800-12-31,1.0
1801-01-31,0.98
1801-02-28,0.96
1801-03-31,0.91
1801-04-30,0.88
1801-05-31,0.84
1801-06-30,0.81
1801-07-31,0.77
1801-08-31,0.74
1801-09-30,0.71
1801-10-31,0.68
1801-11-30,0.65
1801-12-31,0.63
1802-01-31,0.59
1802-02-28,0.6
1802-03-31,0.6
1802-04-30,0.6
1802-05-31,0.61
1802-06-30,0.61
1802-07-31,0.62
1802-08-31,0.62
1802-09-30,0.63
1802-10-31,0.64
1802-11-30,0.65
1802-12-31,0.65
1803-01-31,0.66
1803-02-28,0.67
1803-03-31,0.68
1803-04-30,0.7
1803-05-31,0.71
1803-06-30,0.71
1803-07-31,0.71
1803-08-31,0.72
1803-09-30,0.72
1803-10-31,0.73
1803-11-30,0.74
1803-12-31,0.75
1804-01-31,0.77
1804-02-29,0.8
1804-03-31,0.83
1804-04-30,0.86
1804-05-31,0.89
1804-06-30,0.93
1804-07-31,0.96
1804-08-31,1.01
1804-09-30,1.06
1804-10-31,1.08
1804-11-30,1.09
1804-12-31,1.11
1805-01-31,1.14
1805-02-28,1.12
1805-03-31,1.12
1805-04-30,1.11
1805-05-31,1.11
1805-06-30,1.12
1805-07-31,1.11
1805-08-31,1.1
1805-09-30,1.09
1805-10-31,1.09
1805-11-30,1.09
1805-12-31,1.1
1806-01-31,1.11
1806-02-28,1.15
1806-03-31,1.19
1806-04-30,1.21
1806-05-31,1.17
1806-06-30,1.24
1806-07-31,1.26
1806-08-31,1.3
1806-09-30,1.29
1806-10-31,1.26
1806-11-30,1.24
1806-12-31,1.2
1807-01-31,1.17
1807-02-28,1.11
1807-03-31,1.03
1807-04-30,0.97
1807-05-31,0.91
1807-06-30,0.86
1807-07-31,0.81
1807-08-31,0.65
1807-09-30,0.72
1807-10-31,0.69
1807-11-30,0.66
1807-12-31,0.65
1808-01-31,0.65
1808-02-29,0.66
1808-03-31,0.67
1808-04-30,0.69
1808-05-31,0.71
1808-06-30,0.74
1808-07-31,0.77
1808-08-31,0.79
1808-09-30,0.83
1808-10-31,0.86
1808-11-30,0.89
1808-12-31,0.9
1809-01-31,0.94
1809-02-28,0.97
1809-03-31,1.0
1809-04-30,1.01
1809-05-31,1.03
1809-06-30,1.07
1809-07-31,1.11
1809-08-31,1.13
1809-09-30,1.15
1809-10-31,1.17
1809-11-30,1.19
1809-12-31,1.19
1810-01-31,1.18
1810-02-28,1.18
1810-03-31,1.17
1810-04-30,1.16
1810-05-31,1.16
1810-06-30,1.15
1810-07-31,1.13
1810-08-31,1.15
1810-09-30,1.06
1810-10-31,1.05
1810-11-30,1.04
1810-12-31,1.02
1811-01-31,1.0
1811-02-28,1.01
1811-03-31,1.02
1811-04-30,1.03
1811-05-31,1.05
1811-06-30,1.06
1811-07-31,1.08
1811-08-31,1.06
1811-09-30,1.03
1811-10-31,1.01
1811-11-30,0.99
1811-12-31,0.93
1812-01-31,0.96
1812-02-29,0.93
1812-03-31,0.9
1812-04-30,0.89
1812-05-31,0.88
1812-06-30,0.84
1812-07-31,0.83
1812-08-31,0.81
1812-09-30,0.81
1812-10-31,0.8
1812-11-30,0.8
1812-12-31,0.8
1813-01-31,0.8
1813-02-28,0.81
1813-03-31,0.81
1813-04-30,0.81
1813-05-31,0.81
1813-06-30,0.81
1813-07-31,0.82
1813-08-31,0.83
1813-09-30,0.83
1813-10-31,0.84
1813-11-30,0.86
1813-12-31,0.89
1814-01-31,0.96
1814-02-28,1.01
1814-03-31,1.08
1814-04-30,1.14
1814-05-31,1.18
1814-06-30,1.22
1814-07-31,1.3
1814-08-31,1.35
1814-09-30,1.43
1814-10-31,1.45
1814-11-30,1.47
1814-12-31,1.48
1815-01-31,1.48
1815-02-28,1.49
1815-03-31,1.5
1815-04-30,1.51
1815-05-31,1.51
1815-06-30,1.52
1815-07-31,1.54
1815-08-31,1.55
1815-09-30,1.56
1815-10-31,1.57
1815-11-30,1.56
1815-12-31,1.56
1816-01-31,1.55
1816-02-29,1.55
1816-03-31,1.54
1816-04-30,1.54
1816-05-31,1.54
1816-06-30,1.52
1816-07-31,1.5
1816-08-31,1.49
1816-09-30,1.49
1816-10-31,1.49
1816-11-30,1.5
1816-12-31,1.5
1817-01-31,1.47
1817-02-28,1.52
1817-03-31,1.52
1817-04-30,1.53
1817-05-31,1.53
1817-06-30,1.54
1817-07-31,1.56
1817-08-31,1.6
1817-09-30,1.62
1817-10-31,1.65
1817-11-30,1.68
1817-12-31,1.7
1818-01-31,1.73
1818-02-28,1.78
1818-03-31,1.81
1818-04-30,1.83
1818-05-31,1.84
1818-06-30,1.84
1818-07-31,1.85
1818-08-31,1.89
1818-09-30,1.89
1818-10-31,1.88
1818-11-30,1.89
1818-12-31,1.89
1819-01-31,1.88
1819-02-28,1.88
1819-03-31,1.88
1819-04-30,1.88
1819-05-31,1.88
1819-06-30,1.87
1819-07-31,1.86
1819-08-31,1.84
1819-09-30,1.82
1819-10-31,1.78
1819-11-30,1.77
1819-12-31,1.75
1820-01-31,1.74
1820-02-29,1.74
1820-03-31,1.74
1820-04-30,1.76
1820-05-31,1.77
1820-06-30,1.8
1820-07-31,1.81
1820-08-31,1.83
1820-09-30,1.87
1820-10-31,1.9
1820-11-30,1.91
1820-12-31,1.93
1821-01-31,1.96
1821-02-28,1.98
1821-03-31,1.99
1821-04-30,2.0
1821-05-31,1.96
1821-06-30,2.07
1821-07-31,2.08
1821-08-31,2.09
1821-09-30,2.08
1821-10-31,2.08
1821-11-30,2.08
1821-12-31,2.09
1822-01-31,2.08
1822-02-28,2.07
1822-03-31,2.06
1822-04-30,2.03
1822-05-31,2.02
1822-06-30,2.03
1822-07-31,2.02
1822-08-31,1.98
1822-09-30,2.0
1822-10-31,1.99
1822-11-30,1.99
1822-12-31,2.0
1823-01-31,2.05
1823-02-28,2.01
1823-03-31,2.01
1823-04-30,2.01
1823-05-31,2.02
1823-06-30,2.03
1823-07-31,2.04
1823-08-31,2.05
1823-09-30,2.08
1823-10-31,2.09
1823-11-30,2.11
1823-12-31,2.12
1824-01-31,2.15
1824-02-29,2.17
1824-03-31,2.19
1824-04-30,2.2
1824-05-31,2.21
1824-06-30,2.24
1824-07-31,2.33
1824-08-31,2.34
1824-09-30,2.34
1824-10-31,2.34
1824-11-30,2.34
1824-12-31,2.37
1825-01-31,2.33
1825-02-28,2.27
1825-03-31,2.25
1825-04-30,2.22
1825-05-31,2.21
1825-06-30,2.2
1825-07-31,2.2
1825-08-31,2.19
1825-09-30,2.17
1825-10-31,2.13
1825-11-30,2.1
1825-12-31,2.08
1826-01-31,2.07
1826-02-28,2.06
1826-03-31,2.01
1826-04-30,2.01
1826-05-31,2.02
1826-06-30,2.03
1826-07-31,2.02
1826-08-31,2.02
1826-09-30,2.01
1826-10-31,2.0
1826-11-30,1.99
1826-12-31,1.99
1827-01-31,1.97
1827-02-28,1.98
1827-03-31,1.99
1827-04-30,2.0
1827-05-31,2.02
1827-06-30,2.03
1827-07-31,2.06
1827-08-31,2.09
1827-09-30,2.1
1827-10-31,2.11
1827-11-30,2.08
1827-12-31,2.05
1828-01-31,2.02
1828-02-29,1.99
1828-03-31,1.95
1828-04-30,1.93
1828-05-31,1.91
1828-06-30,1.92
1828-07-31,1.92
1828-08-31,1.94
1828-09-30,1.93
1828-10-31,1.93
1828-11-30,1.91
1828-12-31,1.9
1829-01-31,1.9
1829-02-28,1.89
1829-03-31,1.89
1829-04-30,1.9
1829-05-31,1.92
1829-06-30,1.88
1829-07-31,1.94
1829-08-31,1.97
1829-09-30,1.99
1829-10-31,2.02
1829-11-30,2.08
1829-12-31,2.1
1830-01-31,2.11
1830-02-28,2.15
1830-03-31,2.2
1830-04-30,2.24
1830-05-31,2.34
1830-06-30,2.37
1830-07-31,2.38
1830-08-31,2.42
1830-09-30,2.45
1830-10-31,2.45
1830-11-30,2.45
1830-12-31,2.41
1831-01-31,2.39
1831-02-28,2.38
1831-03-31,2.34
1831-04-30,2.29
1831-05-31,2.25
1831-06-30,2.22
1831-07-31,2.2
1831-08-31,2.18
1831-09-30,2.15
1831-10-31,2.12
1831-11-30,2.1
1831-12-31,2.09
1832-01-31,2.09
1832-02-29,2.1
1832-03-31,2.12
1832-04-30,2.12
1832-05-31,2.13
1832-06-30,2.19
1832-07-31,2.23
1832-08-31,2.27
1832-09-30,2.38
1832-10-31,2.44
1832-11-30,2.52
1832-12-31,2.62
1833-01-31,2.69
1833-02-28,2.77
1833-03-31,2.9
1833-04-30,2.98
1833-05-31,3.05
1833-06-30,3.1
1833-07-31,3.11
1833-08-31,3.06
1833-09-30,2.97
1833-10-31,2.89
1833-11-30,2.84
1833-12-31,2.7
1834-01-31,2.62
1834-02-28,2.59
1834-03-31,2.54
1834-04-30,2.54
1834-05-31,2.55
1834-06-30,2.57
1834-07-31,2.64
1834-08-31,2.77
1834-09-30,2.83
1834-10-31,2.89
1834-11-30,2.99
1834-12-31,3.04
1835-01-31,2.87
1835-02-28,3.25
1835-03-31,3.47
1835-04-30,3.58
1835-05-31,3.62
1835-06-30,3.7
1835-07-31,3.82
1835-08-31,3.88
1835-09-30,3.79
1835-10-31,3.71
1835-11-30,3.66
1835-12-31,3.62
1836-01-31,3.55
1836-02-29,3.52
1836-03-31,3.53
1836-04-30,3.54
1836-05-31,3.53
1836-06-30,3.41
1836-07-31,3.27
1836-08-31,3.11
1836-09-30,2.99
1836-10-31,2.91
1836-11-30,2.81
1836-12-31,2.74
1837-01-31,2.72
1837-02-28,2.67
1837-03-31,2.54
1837-04-30,2.44
1837-05-31,2.39
1837-06-30,2.37
1837-07-31,2.2
1837-08-31,2.18
1837-09-30,2.18
1837-10-31,2.23
1837-11-30,2.28
1837-12-31,2.23
1838-01-31,2.14
1838-02-28,2.1
1838-03-31,2.07
1838-04-30,2.01
1838-05-31,2.03
1838-06-30,2.06
1838-07-31,2.38
1838-08-31,2.15
1838-09-30,2.23
1838-10-31,2.21
1838-11-30,2.18
1838-12-31,2.17
1839-01-31,2.14
1839-02-28,2.11
1839-03-31,2.12
1839-04-30,2.15
1839-05-31,1.97
1839-06-30,2.05
1839-07-31,1.99
1839-08-31,1.92
1839-09-30,1.8
1839-10-31,1.72
1839-11-30,1.68
1839-12-31,1.66
1840-01-31,1.6
1840-02-29,1.57
1840-03-31,1.59
1840-04-30,1.61
1840-05-31,1.62
1840-06-30,1.62
1840-07-31,1.61
1840-08-31,1.6
1840-09-30,1.72
1840-10-31,1.73
1840-11-30,1.73
1840-12-31,1.74
1841-01-31,1.67
1841-02-28,1.61
1841-03-31,1.58
1841-04-30,1.54
1841-05-31,1.52
1841-06-30,1.52
1841-07-31,1.53
1841-08-31,1.57
1841-09-30,1.57
1841-10-31,1.53
1841-11-30,1.42
1841-12-31,1.34
1842-01-31,1.25
1842-02-28,1.23
1842-03-31,1.2
1842-04-30,1.15
1842-05-31,1.11
1842-06-30,1.11
1842-07-31,1.12
1842-08-31,1.17
1842-09-30,1.18
1842-10-31,1.18
1842-11-30,1.18
1842-12-31,1.16
1843-01-31,1.15
1843-02-28,1.11
1843-03-31,1.23
1843-04-30,1.27
1843-05-31,1.28
1843-06-30,1.3
1843-07-31,1.32
1843-08-31,1.37
1843-09-30,1.57
1843-10-31,1.71
1843-11-30,1.74
1843-12-31,1.75
1844-01-31,1.81
1844-02-29,2.34
1844-03-31,2.13
1844-04-30,2.24
1844-05-31,2.25
1844-06-30,2.29
1844-07-31,2.36
1844-08-31,2.45
1844-09-30,2.36
1844-10-31,2.32
1844-11-30,2.29
1844-12-31,2.16
1845-01-31,2.27
1845-02-28,2.24
1845-03-31,2.23
1845-04-30,2.23
1845-05-31,2.2
1845-06-30,2.18
1845-07-31,2.18
1845-08-31,2.18
1845-09-30,2.21
1845-10-31,2.23
1845-11-30,2.23
1845-12-31,2.23
1846-01-31,2.3
1846-02-28,2.33
1846-03-31,2.37
1846-04-30,2.37
1846-05-31,2.36
1846-06-30,2.36
1846-07-31,2.33
1846-08-31,2.35
1846-09-30,2.35
1846-10-31,2.34
1846-11-30,2.34
1846-12-31,2.33
1847-01-31,2.34
1847-02-28,2.35
1847-03-31,2.39
1847-04-30,2.48
1847-05-31,2.53
1847-06-30,2.58
1847-07-31,2.6
1847-08-31,2.63
1847-09-30,2.62
1847-10-31,2.55
1847-11-30,2.53
1847-12-31,2.51
1848-01-31,2.47
1848-02-29,2.4
1848-03-31,2.35
1848-04-30,2.35
1848-05-31,2.37
1848-06-30,2.34
1848-07-31,2.32
1848-08-31,2.28
1848-09-30,2.23
1848-10-31,2.21
1848-11-30,2.2
1848-12-31,2.21
1849-01-31,2.28
1849-02-28,2.29
1849-03-31,2.32
1849-04-30,2.4
1849-05-31,2.42
1849-06-30,2.46
1849-07-31,2.48
1849-08-31,2.48
1849-09-30,2.48
1849-10-31,2.46
1849-11-30,2.42
1849-12-31,2.39
1850-01-31,2.44
1850-02-28,2.46
1850-03-31,2.47
1850-04-30,2.53
1850-05-31,2.54
1850-06-30,2.55
1850-07-31,2.44
1850-08-31,2.68
1850-09-30,2.77
1850-10-31,2.81
1850-11-30,2.84
1850-12-31,2.85
1851-01-31,2.93
1851-02-28,2.99
1851-03-31,3.0
1851-04-30,3.01
1851-05-31,3.01
1851-06-30,2.98
1851-07-31,2.95
1851-08-31,2.94
1851-09-30,2.91
1851-10-31,2.88
1851-11-30,2.85
1851-12-31,2.85
1852-01-31,2.9
1852-02-29,2.97
1852-03-31,3.04
1852-04-30,3.08
1852-05-31,3.13
1852-06-30,3.2
1852-07-31,3.29
1852-08-31,3.37
1852-09-30,3.42
1852-10-31,3.49
1852-11-30,3.56
1852-12-31,3.6
1853-01-31,3.63
1853-02-28,3.62
1853-03-31,3.6
1853-04-30,3.58
1853-05-31,3.54
1853-06-30,3.44
1853-07-31,3.38
1853-08-31,3.34
1853-09-30,3.23
1853-10-31,3.18
1853-11-30,3.11
1853-12-31,3.08
1854-01-31,3.24
1854-02-28,3.09
1854-03-31,3.14
1854-04-30,3.09
1854-05-31,2.97
1854-06-30,2.84
1854-07-31,2.78
1854-08-31,2.71
1854-09-30,2.62
1854-10-31,2.52
1854-11-30,2.27
1854-12-31,2.36
1855-01-31,2.35
1855-02-28,2.37
1855-03-31,2.38
1855-04-30,2.44
1855-05-31,2.52
1855-06-30,2.55
1855-07-31,2.56
1855-08-31,2.57
1855-09-30,2.52
1855-10-31,2.5
1855-11-30,2.49
1855-12-31,2.48
1856-01-31,2.46
1856-02-29,2.39
1856-03-31,2.46
1856-04-30,2.47
1856-05-31,2.49
1856-06-30,2.49
1856-07-31,2.52
1856-08-31,2.54
1856-09-30,2.6
1856-10-31,2.63
1856-11-30,2.66
1856-12-31,2.68
1857-01-31,2.69
1857-02-28,2.7
1857-03-31,2.64
1857-04-30,2.55
1857-05-31,2.49
1857-06-30,2.4
1857-07-31,2.2
1857-08-31,1.92
1857-09-30,1.82
1857-10-31,1.77
1857-11-30,1.75
1857-12-31,1.67
1858-01-31,1.66
1858-02-28,1.71
1858-03-31,1.85
1858-04-30,1.88
1858-05-31,1.87
1858-06-30,1.86
1858-07-31,1.82
1858-08-31,1.79
1858-09-30,1.76
1858-10-31,1.76
1858-11-30,1.77
1858-12-31,1.75
1859-01-31,1.74
1859-02-28,1.71
1859-03-31,1.62
1859-04-30,1.59
1859-05-31,1.57
1859-06-30,1.56
1859-07-31,1.54
1859-08-31,1.58
1859-09-30,1.52
1859-10-31,1.54
1859-11-30,1.56
1859-12-31,1.55
1860-01-31,1.59
1860-02-29,1.65
1860-03-31,1.69
1860-04-30,1.72
1860-05-31,1.78
1860-06-30,1.61
1860-07-31,2.03
1860-08-31,2.1
1860-09-30,2.16
1860-10-31,2.13
1860-11-30,2.12
1860-12-31,2.11
1861-01-31,2.08
1861-02-28,2.01
1861-03-31,2.0
1861-04-30,1.98
1861-05-31,1.97
1861-06-30,1.97
1861-07-31,1.93
1861-08-31,1.98
1861-09-30,2.02
1861-10-31,2.06
1861-11-30,2.11
1861-12-31,2.15
1862-01-31,2.2
1862-02-28,2.21
1862-03-31,2.31
1862-04-30,2.38
1862-05-31,2.45
1862-06-30,2.52
1862-07-31,2.64
1862-08-31,2.81
1862-09-30,2.89
1862-10-31,2.9
1862-11-30,3.08
1862-12-31,3.24
1863-01-31,3.44
1863-02-28,3.47
1863-03-31,3.58
1863-04-30,3.68
1863-05-31,3.94
1863-06-30,4.12
1863-07-31,4.17
1863-08-31,4.22
1863-09-30,4.38
1863-10-31,4.41
1863-11-30,4.51
1863-12-31,4.55
1864-01-31,4.55
1864-02-29,4.58
1864-03-31,4.59
1864-04-30,4.6
1864-05-31,4.57
1864-06-30,4.56
1864-07-31,4.52
1864-08-31,4.34
1864-09-30,4.24
1864-10-31,4.22
1864-11-30,4.2
1864-12-31,4.19
1865-01-31,4.05
1865-02-28,4.0
1865-03-31,3.98
1865-04-30,3.97
1865-05-31,3.93
1865-06-30,3.92
1865-07-31,4.02
1865-08-31,4.17
1865-09-30,4.21
1865-10-31,4.31
1865-11-30,4.35
1865-12-31,4.4
1866-01-31,4.19
1866-02-28,4.35
1866-03-31,4.32
1866-04-30,4.29
1866-05-31,4.28
1866-06-30,4.35
1866-07-31,4.42
1866-08-31,4.54
1866-09-30,4.57
1866-10-31,4.64
1866-11-30,4.62
1866-12-31,4.57
1867-01-31,4.54
1867-02-28,4.49
1867-03-31,4.37
1867-04-30,4.28
1867-05-31,4.34
1867-06-30,4.36
1867-07-31,4.37
1867-08-31,4.39
1867-09-30,4.51
1867-10-31,4.61
1867-11-30,4.66
1867-12-31,4.72
1868-01-31,4.78
1868-02-29,4.85
1868-03-31,4.88
1868-04-30,4.98
1868-05-31,5.04
1868-06-30,5.04
1868-07-31,5.06
1868-08-31,5.11
1868-09-30,5.13
1868-10-31,5.09
1868-11-30,5.17
1868-12-31,5.21
1869-01-31,5.22
1869-02-28,5.25
1869-03-31,5.28
1869-04-30,5.27
1869-05-31,5.26
1869-06-30,5.26
1869-07-31,5.4
1869-08-31,5.16
1869-09-30,5.07
1869-10-31,4.96
1869-11-30,4.92
1869-12-31,4.77
1870-01-31,4.61
1870-02-28,4.56
1870-03-31,4.56
1870-04-30,4.6
1870-05-31,4.49
1870-06-30,4.64
1870-07-31,4.64
1870-08-31,4.63
1870-09-30,4.62
1870-10-31,4.58
1870-11-30,4.56
1870-12-31,4.59
1871-01-31,4.66
1871-02-28,4.73
1871-03-31,4.8
1871-04-30,4.82
1871-05-31,4.86
1871-06-30,4.91
1871-07-31,4.96
1871-08-31,4.9
1871-09-30,4.88
1871-10-31,4.88
1871-11-30,4.87
1871-12-31,4.9
1872-01-31,4.97
1872-02-29,5.05
1872-03-31,5.13
1872-04-30,5.2
1872-05-31,5.24
1872-06-30,5.3
1872-07-31,5.28
1872-08-31,5.25
1872-09-30,5.21
1872-10-31,5.18
1872-11-30,5.19
1872-12-31,5.21
1873-01-31,5.23
1873-02-28,5.25
1873-03-31,5.29
1873-04-30,5.27
1873-05-31,5.25
1873-06-30,5.21
1873-07-31,4.98
1873-08-31,4.78
1873-09-30,4.67
1873-10-31,4.64
1873-11-30,4.62
1873-12-31,4.53
1874-01-31,4.55
1874-02-28,4.57
1874-03-31,4.72
1874-04-30,4.81
1874-05-31,4.79
1874-06-30,4.75
1874-07-31,4.69
1874-08-31,4.66
1874-09-30,4.67
1874-10-31,4.68
1874-11-30,4.69
1874-12-31,4.71
1875-01-31,4.71
1875-02-28,4.75
1875-03-31,4.74
1875-04-30,4.7
1875-05-31,4.68
1875-06-30,4.67
1875-07-31,4.65
1875-08-31,4.59
1875-09-30,4.52
1875-10-31,4.51
1875-11-30,4.52
1875-12-31,4.49
1876-01-31,4.58
1876-02-29,4.6
1876-03-31,4.53
1876-04-30,4.5
1876-05-31,4.47
1876-06-30,4.37
1876-07-31,4.22
1876-08-31,4.1
1876-09-30,4.01
1876-10-31,3.97
1876-11-30,3.88
1876-12-31,3.7
1877-01-31,3.55
1877-02-28,3.39
1877-03-31,3.35
1877-04-30,3.25
1877-05-31,3.16
1877-06-30,3.08
1877-07-31,3.06
1877-08-31,3.1
1877-09-30,3.12
1877-10-31,3.16
1877-11-30,3.25
1877-12-31,3.33
1878-01-31,3.35
1878-02-28,3.36
1878-03-31,3.37
1878-04-30,3.4
1878-05-31,3.45
1878-06-30,3.48
1878-07-31,3.52
1878-08-31,3.56
1878-09-30,3.6
1878-10-31,3.61
1878-11-30,3.62
1878-12-31,3.68
1879-01-31,3.69
1879-02-28,3.72
1879-03-31,3.82
1879-04-30,3.87
1879-05-31,3.96
1879-06-30,4.0
1879-07-31,4.13
1879-08-31,4.4
1879-09-30,4.59
1879-10-31,4.64
1879-11-30,4.72
1879-12-31,4.83
1880-01-31,5.0
1880-02-29,5.23
1880-03-31,5.24
1880-04-30,5.21
1880-05-31,5.2
1880-06-30,5.19
1880-07-31,5.16
1880-08-31,5.23
1880-09-30,5.4
1880-10-31,5.59
1880-11-30,5.82
1880-12-31,5.88
1881-01-31,5.93
1881-02-28,6.08
1881-03-31,6.36
1881-04-30,6.54
1881-05-31,6.61
1881-06-30,6.64
1881-07-31,6.5
1881-08-31,6.62
1881-09-30,6.58
1881-10-31,6.45
1881-11-30,6.34
1881-12-31,6.25
1882-01-31,6.2
1882-02-28,6.18
1882-03-31,6.09
1882-04-30,6.01
1882-05-31,6.05
1882-06-30,6.12
1882-07-31,6.14
1882-08-31,6.17
1882-09-30,6.2
1882-10-31,6.25
1882-11-30,6.23
1882-12-31,6.18
1883-01-31,6.1
1883-02-28,5.99
1883-03-31,5.98
1883-04-30,5.99
1883-05-31,6.01
1883-06-30,5.9
1883-07-31,5.87
1883-08-31,5.83
1883-09-30,5.78
1883-10-31,5.73
1883-11-30,5.59
1883-12-31,5.53
1884-01-31,5.51
1884-02-29,5.48
1884-03-31,5.18
1884-04-30,5.07
1884-05-31,5.03
1884-06-30,5.01
1884-07-31,4.95
1884-08-31,4.82
1884-09-30,4.74
1884-10-31,4.71
1884-11-30,4.66
1884-12-31,4.59
1885-01-31,4.56
1885-02-28,4.45
1885-03-31,4.28
1885-04-30,4.42
1885-05-31,4.28
1885-06-30,4.28
1885-07-31,4.68
1885-08-31,4.78
1885-09-30,4.79
1885-10-31,5.38
1885-11-30,5.52
1885-12-31,5.5
1886-01-31,5.27
1886-02-28,5.34
1886-03-31,5.19
1886-04-30,5.04
1886-05-31,5.26
1886-06-30,5.35
1886-07-31,5.5
1886-08-31,5.4
1886-09-30,5.73
1886-10-31,5.86
1886-11-30,5.9
1886-12-31,5.75
1887-01-31,5.53
1887-02-28,5.67
1887-03-31,5.79
1887-04-30,5.84
1887-05-31,5.9
1887-06-30,5.64
1887-07-31,5.26
1887-08-31,5.3
1887-09-30,5.31
1887-10-31,5.03
1887-11-30,5.26
1887-12-31,5.26
1888-01-31,5.28
1888-02-29,5.17
1888-03-31,4.84
1888-04-30,5.3
1888-05-31,5.01
1888-06-30,5.01
1888-07-31,5.38
1888-08-31,5.5
1888-09-30,5.6
1888-10-31,5.48
1888-11-30,5.39
1888-12-31,5.52
1889-01-31,5.55
1889-02-28,5.53
1889-03-31,5.36
1889-04-30,5.54
1889-05-31,5.76
1889-06-30,5.7
1889-07-31,5.6
1889-08-31,5.84
1889-09-30,5.95
1889-10-31,5.84
1889-11-30,5.76
1889-12-31,5.86
1890-01-31,5.93
1890-02-28,5.75
1890-03-31,5.79
1890-04-30,6.1
1890-05-31,6.28
1890-06-30,6.15
1890-07-31,6.06
1890-08-31,6.0
1890-09-30,5.76
1890-10-31,5.48
1890-11-30,5.14
1890-12-31,5.03
1891-01-31,5.21
1891-02-28,5.31
1891-03-31,5.29
1891-04-30,5.61
1891-05-31,5.35
1891-06-30,5.17
1891-07-31,5.02
1891-08-31,5.68
1891-09-30,5.74
1891-10-31,5.72
1891-11-30,5.72
1891-12-31,5.92
1892-01-31,5.89
1892-02-29,6.09
1892-03-31,5.91
1892-04-30,5.96
1892-05-31,5.84
1892-06-30,5.83
1892-07-31,5.91
1892-08-31,5.75
1892-09-30,5.65
1892-10-31,5.79
1892-11-30,5.49
1892-12-31,5.53
1893-01-31,5.66
1893-02-28,5.29
1893-03-31,5.3
1893-04-30,5.13
1893-05-31,4.67
1893-06-30,4.51
1893-07-31,3.68
1893-08-31,4.06
1893-09-30,4.25
1893-10-31,4.54
1893-11-30,4.62
1893-12-31,4.17
1894-01-31,4.41
1894-02-28,4.41
1894-03-31,4.61
1894-04-30,4.52
1894-05-31,4.32
1894-06-30,4.25
1894-07-31,4.2
1894-08-31,4.57
1894-09-30,4.35
1894-10-31,4.16
1894-11-30,4.14
1894-12-31,4.15
1895-01-31,4.09
1895-02-28,3.96
1895-03-31,4.26
1895-04-30,4.43
1895-05-31,4.69
1895-06-30,4.69
1895-07-31,4.95
1895-08-31,5.09
1895-09-30,4.99
1895-10-31,4.76
1895-11-30,4.66
1895-12-31,4.24
1896-01-31,4.39
1896-02-29,4.45
1896-03-31,4.39
1896-04-30,4.5
1896-05-31,4.38
1896-06-30,4.09
1896-07-31,3.69
1896-08-31,3.65
1896-09-30,4.01
1896-10-31,4.23
1896-11-30,4.32
1896-12-31,4.22
1897-01-31,4.42
1897-02-28,4.37
1897-03-31,4.11
1897-04-30,4.06
1897-05-31,4.18
1897-06-30,4.53
1897-07-31,4.85
1897-08-31,5.41
1897-09-30,5.19
1897-10-31,5.04
1897-11-30,4.96
1897-12-31,5.14
1898-01-31,5.38
1898-02-28,5.01
1898-03-31,4.86
1898-04-30,4.82
1898-05-31,5.47
1898-06-30,5.41
1898-07-31,5.5
1898-08-31,5.86
1898-09-30,5.49
1898-10-31,5.59
1898-11-30,5.9
1898-12-31,6.22
1899-01-31,6.72
1899-02-28,6.87
1899-03-31,7.31
1899-04-30,7.33
1899-05-31,6.6
1899-06-30,7.01
1899-07-31,7.21
1899-08-31,7.28
1899-09-30,6.97
1899-10-31,7.17
1899-11-30,7.19
1899-12-31,6.56
1900-01-31,6.58
1900-02-28,6.55
1900-03-31,6.82
1900-04-30,6.5
1900-05-31,6.41
1900-06-30,6.01
1900-07-31,6.15
1900-08-31,6.25
1900-09-30,6.03
1900-10-31,6.43
1900-11-30,7.2
1900-12-31,7.68
1901-01-31,7.67
1901-02-28,7.69
1901-03-31,8.21
1901-04-30,9.04
1901-05-31,8.81
1901-06-30,9.16
1901-07-31,8.4
1901-08-31,8.7
1901-09-30,8.28
1901-10-31,8.35
1901-11-30,8.56
1901-12-31,8.58
1902-01-31,8.56
1902-02-28,8.53
1902-03-31,8.74
1902-04-30,9.02
1902-05-31,8.9
1902-06-30,8.88
1902-07-31,9.24
1902-08-31,9.33
1902-09-30,9.19
1902-10-31,9.02
1902-11-30,8.65
1902-12-31,8.8
1903-01-31,8.84
1903-02-28,8.66
1903-03-31,8.28
1903-04-30,8.22
1903-05-31,7.82
1903-06-30,7.78
1903-07-31,7.09
1903-08-31,7.26
1903-09-30,6.55
1903-10-31,6.7
1903-11-30,6.73
1903-12-31,7.14
1904-01-31,7.11
1904-02-29,6.75
1904-03-31,7.04
1904-04-30,7.0
1904-05-31,6.89
1904-06-30,7.09
1904-07-31,7.37
1904-08-31,7.71
1904-09-30,8.01
1904-10-31,8.45
1904-11-30,9.06
1904-12-31,8.9
1905-01-31,9.16
1905-02-28,9.44
1905-03-31,9.66
1905-04-30,9.13
1905-05-31,9.16
1905-06-30,9.43
1905-07-31,9.8
1905-08-31,9.95
1905-09-30,10.12
1905-10-31,10.21
1905-11-30,10.36
1905-12-31,10.67
1906-01-31,10.94
1906-02-28,10.39
1906-03-31,10.67
1906-04-30,9.97
1906-05-31,10.33
1906-06-30,9.81
1906-07-31,10.31
1906-08-31,10.71
1906-09-30,10.78
1906-10-31,10.46
1906-11-30,10.79
1906-12-31,10.42
1907-01-31,9.91
1907-02-28,9.67
1907-03-31,8.6
1907-04-30,8.97
1907-05-31,8.26
1907-06-30,8.57
1907-07-31,8.53
1907-08-31,7.89
1907-09-30,7.77
1907-10-31,6.63
1907-11-30,6.83
1907-12-31,6.93
1908-01-31,7.25
1908-02-29,6.87
1908-03-31,7.41
1908-04-30,7.75
1908-05-31,7.98
1908-06-30,8.02
1908-07-31,8.66
1908-08-31,8.94
1908-09-30,8.6
1908-10-31,8.89
1908-11-30,9.47
1908-12-31,9.6
1909-01-31,9.36
1909-02-28,9.25
1909-03-31,9.69
1909-04-30,9.86
1909-05-31,10.11
1909-06-30,10.2
1909-07-31,10.58
1909-08-31,10.59
1909-09-30,10.73
1909-10-31,10.57
1909-11-30,10.27
1909-12-31,10.61
1910-01-31,9.94
1910-02-28,9.97
1910-03-31,9.82
1910-04-30,9.5
1910-05-31,9.58
1910-06-30,8.96
1910-07-31,8.67
1910-08-31,8.94
1910-09-30,9.07
1910-10-31,9.37
1910-11-30,9.09
1910-12-31,9.1
1911-01-31,9.49
1911-02-28,9.41
1911-03-31,9.37
1911-04-30,9.41
1911-05-31,9.61
1911-06-30,9.74
1911-07-31,9.76
1911-08-31,8.97
1911-09-30,8.78
1911-10-31,8.94
1911-11-30,9.27
1911-12-31,9.27
1912-01-31,9.12
1912-02-29,9.2
1912-03-31,9.63
1912-04-30,9.82
1912-05-31,9.57
1912-06-30,9.74
1912-07-31,9.75
1912-08-31,9.9
1912-09-30,10.09
1912-10-31,9.77
1912-11-30,9.81
1912-12-31,9.48
1913-01-31,9.26
1913-02-28,8.89
1913-03-31,8.96
1913-04-30,8.66
1913-05-31,8.63
1913-06-30,8.3
1913-07-31,8.54
1913-08-31,8.73
1913-09-30,8.68
1913-10-31,8.44
1913-11-30,8.3
1913-12-31,8.44
1914-01-31,8.89
1914-02-28,8.65
1914-03-31,8.62
1914-04-30,8.31
1914-05-31,8.5
1914-06-30,8.43
1914-07-31,7.39
1914-12-31,7.47
1915-01-31,7.76
1915-02-28,7.48
1915-03-31,8.02
1915-04-30,8.82
1915-05-31,8.18
1915-06-30,8.5
1915-07-31,8.73
1915-08-31,9.14
1915-09-30,9.83
1915-10-31,10.59
1915-11-30,10.59
1915-12-31,10.7
1916-01-31,9.88
1916-02-29,9.92
1916-03-31,10.06
1916-04-30,9.89
1916-05-31,10.25
1916-06-30,10.1
1916-07-31,9.96
1916-08-31,10.19
1916-09-30,10.99
1916-10-31,11.08
1916-11-30,11.04
1916-12-31,10.34
1917-01-31,10.23
1917-02-28,9.76
1917-03-31,10.11
1917-04-30,9.81
1917-05-31,9.94
1917-06-30,9.81
1917-07-31,9.57
1917-08-31,8.93
1917-09-30,8.8
1917-10-31,7.96
1917-11-30,7.67
1917-12-31,7.96
1918-01-31,8.3
1918-02-28,8.34
1918-03-31,8.09
1918-04-30,8.06
1918-05-31,8.31
1918-06-30,8.56
1918-07-31,8.47
1918-08-31,8.74
1918-09-30,8.79
1918-10-31,8.96
1918-11-30,8.69
1918-12-31,8.6
1919-01-31,8.39
1919-02-28,8.73
1919-03-31,8.9
1919-04-30,9.19
1919-05-31,10.15
1919-06-30,9.99
1919-07-31,10.0
1919-08-31,9.6
1919-09-30,9.92
1919-10-31,10.29
1919-11-30,9.27
1919-12-31,9.43
1920-01-31,9.22
1920-02-29,8.57
1920-03-31,9.24
1920-04-30,8.56
1920-05-31,8.54
1920-06-30,8.35
1920-07-31,8.26
1920-08-31,8.45
1920-09-30,8.48
1920-10-31,8.65
1920-11-30,7.93
1920-12-31,7.64
1921-01-31,7.86
1921-02-28,7.66
1921-03-31,7.57
1921-04-30,7.75
1921-05-31,7.5
1921-06-30,7.2
1921-07-31,7.36
1921-08-31,7.19
1921-09-30,7.5
1921-10-31,7.53
1921-11-30,7.93
1921-12-31,8.02
1922-01-31,8.06
1922-02-28,8.47
1922-03-31,8.76
1922-04-30,9.15
1922-05-31,9.35
1922-06-30,9.16
1922-07-31,9.61
1922-08-31,9.98
1922-09-30,9.6
1922-10-31,9.57
1922-11-30,9.25
1922-12-31,9.54
1923-01-31,9.48
1923-02-28,9.99
1923-03-31,9.8
1923-04-30,9.46
1923-05-31,9.32
1923-06-30,8.5
1923-07-31,8.47
1923-08-31,8.97
1923-09-30,8.58
1923-10-31,8.64
1923-11-30,8.96
1923-12-31,9.11
1924-01-31,9.44
1924-02-29,9.2
1924-03-31,9.0
1924-04-30,8.87
1924-05-31,8.89
1924-06-30,9.41
1924-07-31,9.93
1924-08-31,10.11
1924-09-30,9.98
1924-10-31,9.98
1924-11-30,10.73
1924-12-31,11.3
1925-01-31,11.49
1925-02-28,11.49
1925-03-31,10.88
1925-04-30,11.16
1925-05-31,11.87
1925-06-30,11.85
1925-07-31,12.01
1925-08-31,12.55
1925-09-30,12.7
1925-10-31,13.51
1925-11-30,13.35
1925-12-31,13.92
1926-01-31,13.88
1926-02-28,13.55
1926-03-31,12.7
1926-04-30,13.01
1926-05-31,13.1
1926-06-30,13.82
1926-07-31,14.3
1926-08-31,14.67
1926-09-30,14.43
1926-10-31,13.84
1926-11-30,14.16
1926-12-31,14.36
1927-01-31,14.31
1927-02-28,14.96
1927-03-31,14.99
1927-04-30,15.24
1927-05-31,16.02
1927-06-30,15.49
1927-07-31,16.72
1927-08-31,16.95
1927-09-30,17.54
1927-10-31,16.32
1927-11-30,17.49
1927-12-31,17.7
1928-01-31,17.57
1928-02-29,17.26
1928-03-31,19.13
1928-04-30,19.75
1928-05-31,20.0
1928-06-30,19.19
1928-07-31,19.43
1928-08-31,20.87
1928-09-30,21.37
1928-10-31,21.68
1928-11-30,24.28
1928-12-31,24.35
1929-01-31,25.74
1929-02-28,25.59
1929-03-31,25.53
1929-04-30,25.94
1929-05-31,24.83
1929-06-30,27.62
1929-07-31,28.88
1929-08-31,31.71
1929-09-30,30.16
1929-10-31,24.15
1929-11-30,20.92
1929-12-31,21.45
1930-01-31,22.79
1930-02-28,23.28
1930-03-31,25.14
1930-04-30,24.9
1930-05-31,24.49
1930-06-30,20.46
1930-07-31,21.21
1930-08-31,21.37
1930-09-30,18.59
1930-10-31,16.94
1930-11-30,16.57
1930-12-31,15.34
1931-01-31,16.09
1931-02-28,17.93
1931-03-31,16.69
1931-04-30,15.09
1931-05-31,13.02
1931-06-30,14.83
1931-07-31,13.73
1931-08-31,13.86
1931-09-30,9.71
1931-10-31,10.53
1931-11-30,9.5
1931-12-31,8.12
1932-01-31,7.89
1932-02-29,8.29
1932-03-31,7.31
1932-04-30,5.83
1932-05-31,4.47
1932-06-30,4.43
1932-07-31,6.1
1932-08-31,8.39
1932-09-30,8.08
1932-10-31,6.96
1932-11-30,6.55
1932-12-31,6.89
1933-01-31,6.94
1933-02-28,5.66
1933-03-31,5.85
1933-04-30,8.32
1933-05-31,9.64
1933-06-30,10.91
1933-07-31,9.95
1933-08-31,11.09
1933-09-30,9.83
1933-10-31,8.96
1933-11-30,9.88
1933-12-31,10.1
1934-01-31,11.17
1934-02-28,10.76
1934-03-31,10.75
1934-04-30,10.46
1934-05-31,9.61
1934-06-30,9.81
1934-07-31,8.68
1934-08-31,9.15
1934-09-30,9.1
1934-10-31,8.81
1934-11-30,9.54
1934-12-31,9.5
1935-01-31,9.1
1935-02-28,8.74
1935-03-31,8.47
1935-04-30,9.28
1935-05-31,9.58
1935-06-30,10.23
1935-07-31,11.08
1935-08-31,11.32
1935-09-30,11.59
1935-10-31,12.46
1935-11-30,12.95
1935-12-31,13.43
1936-01-31,14.31
1936-02-29,14.55
1936-03-31,14.92
1936-04-30,13.77
1936-05-31,14.4
1936-06-30,14.84
1936-07-31,15.85
1936-08-31,15.99
1936-09-30,16.01
1936-10-31,17.21
1936-11-30,17.28
1936-12-31,17.18
1937-01-31,17.83
1937-02-28,18.09
1937-03-31,17.92
1937-04-30,16.43
1937-05-31,16.26
1937-06-30,15.4
1937-07-31,16.98
1937-08-31,16.04
1937-09-30,13.76
1937-10-31,12.36
1937-11-30,11.11
1937-12-31,10.55
1938-01-31,10.69
1938-02-28,11.34
1938-03-31,8.5
1938-04-30,9.7
1938-05-31,9.27
1938-06-30,11.56
1938-07-31,12.4
1938-08-31,12.06
1938-09-30,12.24
1938-10-31,13.17
1938-11-30,12.73
1938-12-31,13.21
1939-01-31,12.3
1939-02-28,12.7
1939-03-31,10.98
1939-04-30,10.92
1939-05-31,11.6
1939-06-30,10.86
1939-07-31,12.04
1939-08-31,11.18
1939-09-30,13.02
1939-10-31,12.83
1939-11-30,12.2
1939-12-31,12.49
1940-01-31,12.05
1940-02-29,12.13
1940-03-31,12.25
1940-04-30,12.19
1940-05-31,9.27
1940-06-30,9.98
1940-07-31,10.29
1940-08-31,10.56
1940-09-30,10.66
1940-10-31,11.08
1940-11-30,10.61
1940-12-31,10.58
1941-01-31,10.07
1941-02-28,9.92
1941-03-31,9.96
1941-04-30,9.31
1941-05-31,9.35
1941-06-30,9.85
1941-07-31,10.39
1941-08-31,10.3
1941-09-30,10.2
1941-10-31,9.5
1941-11-30,9.1
1941-12-31,8.69
1942-01-31,8.81
1942-02-28,8.59
1942-03-31,8.01
1942-04-30,7.66
1942-05-31,8.15
1942-06-30,8.3
1942-07-31,8.56
1942-08-31,8.62
1942-09-30,8.85
1942-10-31,9.42
1942-11-30,9.29
1942-12-31,9.77
1943-01-31,10.47
1943-02-28,11.0
1943-03-31,11.58
1943-04-30,11.59
1943-05-31,12.11
1943-06-30,12.35
1943-07-31,11.68
1943-08-31,11.8
1943-09-30,12.08
1943-10-31,11.92
1943-11-30,11.02
1943-12-31,11.67
1944-01-31,11.85
1944-02-29,11.82
1944-03-31,12.02
1944-04-30,11.87
1944-05-31,12.35
1944-06-30,12.98
1944-07-31,12.71
1944-08-31,12.82
1944-09-30,12.78
1944-10-31,12.78
1944-11-30,12.83
1944-12-31,13.28
1945-01-31,13.47
1945-02-28,14.3
1945-03-31,13.64
1945-04-30,14.84
1945-05-31,15.01
1945-06-30,14.96
1945-07-31,14.66
1945-08-31,15.15
1945-09-30,16.16
1945-10-31,16.65
1945-11-30,17.19
1945-12-31,17.36
1946-01-31,18.57
1946-02-28,17.28
1946-03-31,18.08
1946-04-30,18.76
1946-05-31,19.18
1946-06-30,18.43
1946-07-31,17.96
1946-08-31,16.65
1946-09-30,14.96
1946-10-31,14.84
1946-11-30,14.67
1946-12-31,15.3
1947-01-31,15.66
1947-02-28,15.43
1947-03-31,15.17
1947-04-30,14.58
1947-05-31,14.45
1947-06-30,15.21
1947-07-31,15.76
1947-08-31,15.32
1947-09-30,15.11
1947-10-31,15.43
1947-11-30,14.99
1947-12-31,15.3
1948-01-31,14.69
1948-02-29,14.0
1948-03-31,15.08
1948-04-30,15.48
1948-05-31,16.69
1948-06-30,16.74
1948-07-31,15.85
1948-08-31,15.97
1948-09-30,15.49
1948-10-31,16.54
1948-11-30,14.75
1948-12-31,15.2
1949-01-31,15.22
1949-02-28,14.62
1949-03-31,15.06
1949-04-30,14.74
1949-05-31,14.19
1949-06-30,14.16
1949-07-31,15.04
1949-08-31,15.22
1949-09-30,15.58
1949-10-31,16.04
1949-11-30,16.06
1949-12-31,16.76
1950-01-31,17.05
1950-02-28,17.22
1950-03-31,17.29
1950-04-30,18.07
1950-05-31,18.78
1950-06-30,17.69
1950-07-31,17.84
1950-08-31,18.42
1950-09-30,19.45
1950-10-31,19.53
1950-11-30,19.51
1950-12-31,20.41
1951-01-31,21.66
1951-02-28,21.8
1951-03-31,21.4
1951-04-30,22.43
1951-05-31,21.52
1951-06-30,20.96
1951-07-31,22.4
1951-08-31,23.28
1951-09-30,23.26
1951-10-31,22.94
1951-11-30,22.88
1951-12-31,23.77
1952-01-31,24.14
1952-02-29,23.26
1952-03-31,24.37
1952-04-30,23.32
1952-05-31,23.86
1952-06-30,24.96
1952-07-31,25.4
1952-08-31,25.03
1952-09-30,24.54
1952-10-31,24.52
1952-11-30,25.66
1952-12-31,26.57
1953-01-31,26.38
1953-02-28,25.9
1953-03-31,25.29
1953-04-30,24.62
1953-05-31,24.54
1953-06-30,24.14
1953-07-31,24.75
1953-08-31,23.32
1953-09-30,23.35
1953-10-31,24.54
1953-11-30,24.76
1953-12-31,24.81
1954-01-31,26.08
1954-02-28,26.15
1954-03-31,26.94
1954-04-30,28.26
1954-05-31,29.19
1954-06-30,29.21
1954-07-31,30.88
1954-08-31,29.83
1954-09-30,32.31
1954-10-31,31.68
1954-11-30,34.24
1954-12-31,35.98
1955-01-31,36.63
1955-02-28,36.76
1955-03-31,36.58
1955-04-30,37.96
1955-05-31,37.91
1955-06-30,41.03
1955-07-31,43.52
1955-08-31,43.18
1955-09-30,43.67
1955-10-31,42.34
1955-11-30,45.51
1955-12-31,45.48
1956-01-31,43.82
1956-02-29,45.34
1956-03-31,48.48
1956-04-30,48.38
1956-05-31,45.2
1956-06-30,46.97
1956-07-31,49.39
1956-08-31,47.51
1956-09-30,45.35
1956-10-31,45.58
1956-11-30,45.08
1956-12-31,46.67
1957-01-31,44.72
1957-02-28,43.26
1957-03-31,44.11
1957-04-30,45.74
1957-05-31,47.43
1957-06-30,47.37
1957-07-31,47.91
1957-08-31,45.22
1957-09-30,42.42
1957-10-31,41.06
1957-11-30,41.72
1957-12-31,39.99
1958-01-31,41.7
1958-02-28,40.84
1958-03-31,42.1
1958-04-30,43.44
1958-05-31,44.09
1958-06-30,45.24
1958-07-31,47.19
1958-08-31,47.75
1958-09-30,50.06
1958-10-31,51.33
1958-11-30,52.48
1958-12-31,55.21
1959-01-31,55.45
1959-02-28,55.41
1959-03-31,55.44
1959-04-30,57.59
1959-05-31,58.68
1959-06-30,58.47
1959-07-31,60.51
1959-08-31,59.6
1959-09-30,56.88
1959-10-31,57.52
1959-11-30,58.28
1959-12-31,59.89
1960-01-31,55.61
1960-02-29,56.12
1960-03-31,55.34
1960-04-30,54.37
1960-05-31,55.83
1960-06-30,56.92
1960-07-31,55.51
1960-08-31,56.96
1960-09-30,53.52
1960-10-31,53.39
1960-11-30,55.54
1960-12-31,58.11
1961-01-31,61.78
1961-02-28,63.44
1961-03-31,65.06
1961-04-30,65.31
1961-05-31,66.56
1961-06-30,64.64
1961-07-31,66.76
1961-08-31,68.07
1961-09-30,66.73
1961-10-31,68.62
1961-11-30,71.32
1961-12-31,71.55
1962-01-31,68.84
1962-02-28,69.96
1962-03-31,69.55
1962-04-30,65.24
1962-05-31,59.63
1962-06-30,54.75
1962-07-31,58.23
1962-08-31,59.12
1962-09-30,56.27
1962-10-31,56.52
1962-11-30,62.26
1962-12-31,63.1
1963-01-31,66.2
1963-02-28,64.29
1963-03-31,66.57
1963-04-30,69.8
1963-05-31,70.8
1963-06-30,69.37
1963-07-31,69.13
1963-08-31,72.5
1963-09-30,71.7
1963-10-31,74.01
1963-11-30,73.23
1963-12-31,75.02
1964-01-31,77.04
1964-02-29,77.8
1964-03-31,78.98
1964-04-30,79.46
1964-05-31,80.37
1964-06-30,81.69
1964-07-31,83.18
1964-08-31,81.83
1964-09-30,84.18
1964-10-31,84.86
1964-11-30,84.42
1964-12-31,84.75
1965-01-31,87.56
1965-02-28,87.43
1965-03-31,86.16
1965-04-30,89.11
1965-05-31,88.42
1965-06-30,84.12
1965-07-31,85.25
1965-08-31,87.17
1965-09-30,89.96
1965-10-31,92.42
1965-11-30,91.61
1965-12-31,92.43
1966-01-31,92.88
1966-02-28,91.22
1966-03-31,89.23
1966-04-30,91.06
1966-05-31,86.13
1966-06-30,84.74
1966-07-31,83.6
1966-08-31,77.1
1966-09-30,76.56
1966-10-31,80.2
1966-11-30,80.45
1966-12-31,80.33
1967-01-31,86.61
1967-02-28,86.78
1967-03-31,90.2
1967-04-30,94.01
1967-05-31,89.08
1967-06-30,90.64
1967-07-31,94.75
1967-08-31,93.64
1967-09-30,96.71
1967-10-31,93.3
1967-11-30,94.0
1967-12-31,96.47
1968-01-31,92.24
1968-02-29,89.36
1968-03-31,90.2
1968-04-30,97.46
1968-05-31,98.68
1968-06-30,99.58
1968-07-31,97.74
1968-08-31,98.86
1968-09-30,102.67
1968-10-31,103.41
1968-11-30,108.37
1968-12-31,103.86
1969-01-31,103.01
1969-02-28,98.13
1969-03-31,101.51
1969-04-30,103.69
1969-05-31,103.46
1969-06-30,97.71
1969-07-31,91.83
1969-08-31,95.51
1969-09-30,93.12
1969-10-31,97.12
1969-11-30,93.81
1969-12-31,92.06
1970-01-31,85.02
1970-02-28,89.5
1970-03-31,89.63
1970-04-30,81.52
1970-05-31,76.55
1970-06-30,72.72
1970-07-31,78.05
1970-08-31,81.52
1970-09-30,84.3
1970-10-31,83.25
1970-11-30,87.2
1970-12-31,92.15
1971-01-31,95.88
1971-02-28,96.75
1971-03-31,100.31
1971-04-30,103.95
1971-05-31,99.63
1971-06-30,98.7
1971-07-31,95.58
1971-08-31,99.03
1971-09-30,98.34
1971-10-31,94.23
1971-11-30,93.99
1971-12-31,102.09
1972-01-31,103.94
1972-02-29,106.57
1972-03-31,107.2
1972-04-30,107.67
1972-05-31,109.53
1972-06-30,107.14
1972-07-31,107.39
1972-08-31,111.09
1972-09-30,110.55
1972-10-31,111.58
1972-11-30,116.67
1972-12-31,118.05
1973-01-31,116.03
1973-02-28,111.68
1973-03-31,111.52
1973-04-30,106.97
1973-05-31,104.95
1973-06-30,104.26
1973-07-31,108.22
1973-08-31,104.25
1973-09-30,108.43
1973-10-31,108.29
1973-11-30,95.96
1973-12-31,97.55
1974-01-31,96.57
1974-02-28,96.22
1974-03-31,93.98
1974-04-30,90.31
1974-05-31,87.28
1974-06-30,86.0
1974-07-31,79.31
1974-08-31,72.15
1974-09-30,63.54
1974-10-31,73.9
1974-11-30,69.97
1974-12-31,68.56
1975-01-31,76.98
1975-02-28,81.59
1975-03-31,83.36
1975-04-30,87.3
1975-05-31,91.15
1975-06-30,95.19
1975-07-31,88.75
1975-08-31,86.88
1975-09-30,83.87
1975-10-31,89.04
1975-11-30,91.24
1975-12-31,90.19
1976-01-31,100.86
1976-02-29,99.71
1976-03-31,102.77
1976-04-30,101.64
1976-05-31,100.18
1976-06-30,104.28
1976-07-31,103.44
1976-08-31,102.91
1976-09-30,105.24
1976-10-31,102.9
1976-11-30,102.1
1976-12-31,107.46
1977-01-31,102.03
1977-02-28,99.82
1977-03-31,98.42
1977-04-30,98.44
1977-05-31,96.12
1977-06-30,100.48
1977-07-31,98.85
1977-08-31,96.77
1977-09-30,96.53
1977-10-31,92.34
1977-11-30,94.83
1977-12-31,95.1
1978-01-31,89.25
1978-02-28,87.04
1978-03-31,89.21
1978-04-30,96.83
1978-05-31,97.24
1978-06-30,95.53
1978-07-31,100.68
1978-08-31,103.29
1978-09-30,102.54
1978-10-31,93.15
1978-11-30,94.7
1978-12-31,96.11
1979-01-31,99.93
1979-02-28,96.28
1979-03-31,101.59
1979-04-30,101.76
1979-05-31,99.08
1979-06-30,102.91
1979-07-31,103.81
1979-08-31,109.32
1979-09-30,109.32
1979-10-31,101.82
1979-11-30,106.16
1979-12-31,107.94
1980-01-31,114.16
1980-02-29,113.66
1980-03-31,102.09
1980-04-30,106.29
1980-05-31,111.24
1980-06-30,114.24
1980-07-31,121.67
1980-08-31,122.38
1980-09-30,125.46
1980-10-31,127.47
1980-11-30,140.52
1980-12-31,135.76
1981-01-31,129.55
1981-02-28,131.27
1981-03-31,136.0
1981-04-30,132.81
1981-05-31,132.59
1981-06-30,131.21
1981-07-31,130.92
1981-08-31,122.79
1981-09-30,116.18
1981-10-31,121.89
1981-11-30,126.35
1981-12-31,122.55
1982-01-31,120.4
1982-02-28,113.11
1982-03-31,111.96
1982-04-30,116.44
1982-05-31,111.88
1982-06-30,109.61
1982-07-31,107.09
1982-08-31,119.51
1982-09-30,120.42
1982-10-31,133.72
1982-11-30,138.53
1982-12-31,140.64
1983-01-31,145.3
1983-02-28,148.06
1983-03-31,152.96
1983-04-30,164.43
1983-05-31,162.39
1983-06-30,167.64
1983-07-31,162.56
1983-08-31,164.4
1983-09-30,166.07
1983-10-31,163.55
1983-11-30,166.4
1983-12-31,164.93
1984-01-31,163.41
1984-02-29,157.06
1984-03-31,159.18
1984-04-30,160.05
1984-05-31,150.55
1984-06-30,153.18
1984-07-31,150.66
1984-08-31,166.68
1984-09-30,166.1
1984-10-31,166.09
1984-11-30,163.58
1984-12-31,167.24
1985-01-31,179.63
1985-02-28,181.18
1985-03-31,180.66
1985-04-30,179.83
1985-05-31,189.55
1985-06-30,191.85
1985-07-31,190.92
1985-08-31,188.63
1985-09-30,182.08
1985-10-31,189.82
1985-11-30,202.17
1985-12-31,211.28
1986-01-31,211.78
1986-02-28,226.92
1986-03-31,238.9
1986-04-30,235.52
1986-05-31,247.35
1986-06-30,250.84
1986-07-31,236.12
1986-08-31,252.93
1986-09-30,231.32
1986-10-31,243.98
1986-11-30,249.22
1986-12-31,242.17
1987-01-31,274.08
1987-02-28,284.2
1987-03-31,291.7
1987-04-30,288.36
1987-05-31,290.1
1987-06-30,304.0
1987-07-31,318.66
1987-08-31,329.8
1987-09-30,321.83
1987-10-31,251.79
1987-11-30,230.3
1987-12-31,247.08
1988-01-31,257.07
1988-02-29,267.82
1988-03-31,258.89
1988-04-30,261.33
1988-05-31,262.16
1988-06-30,273.5
1988-07-31,272.02
1988-08-31,261.52
1988-09-30,271.91
1988-10-31,278.97
1988-11-30,273.7
1988-12-31,277.72
1989-01-31,297.47
1989-02-28,288.86
1989-03-31,294.87
1989-04-30,309.64
1989-05-31,320.52
1989-06-30,317.98
1989-07-31,346.08
1989-08-31,351.45
1989-09-30,349.15
1989-10-31,340.36
1989-11-30,345.99
1989-12-31,353.4
1990-01-31,329.08
1990-02-28,331.89
1990-03-31,339.94
1990-04-30,330.8
1990-05-31,361.23
1990-06-30,358.02
1990-07-31,356.15
1990-08-31,322.56
1990-09-30,306.05
1990-10-31,304.0
1990-11-30,322.22
1990-12-31,330.22
1991-01-31,343.93
1991-02-28,367.07
1991-03-31,375.22
1991-04-30,375.34
1991-05-31,389.83
1991-06-30,371.16
1991-07-31,387.81
1991-08-31,395.43
1991-09-30,387.86
1991-10-31,392.45
1991-11-30,375.22
1991-12-31,417.09
1992-01-31,408.78
1992-02-29,412.7
1992-03-31,403.69
1992-04-30,414.95
1992-05-31,415.35
1992-06-30,408.14
1992-07-31,424.21
1992-08-31,414.03
1992-09-30,417.8
1992-10-31,418.68
1992-11-30,431.35
1992-12-31,435.71
1993-01-31,438.78
1993-02-28,443.38
1993-03-31,451.67
1993-04-30,440.19
1993-05-31,450.19
1993-06-30,450.53
1993-07-31,448.13
1993-08-31,463.56
1993-09-30,458.93
1993-10-31,467.83
1993-11-30,461.79
1993-12-31,466.45
1994-01-31,481.61
1994-02-28,467.14
1994-03-31,445.77
1994-04-30,450.91
1994-05-31,456.5
1994-06-30,444.27
1994-07-31,458.26
1994-08-31,475.49
1994-09-30,462.71
1994-10-31,472.35
1994-11-30,453.69
1994-12-31,459.27
1995-01-31,470.42
1995-02-28,487.39
1995-03-31,500.71
1995-04-30,514.71
1995-05-31,533.4
1995-06-30,544.75
1995-07-31,562.06
1995-08-31,561.88
1995-09-30,584.41
1995-10-31,581.5
1995-11-30,605.37
1995-12-31,615.93
1996-01-31,636.02
1996-02-29,640.43
1996-03-31,645.5
1996-04-30,654.17
1996-05-31,669.12
1996-06-30,670.63
1996-07-31,639.95
1996-08-31,651.99
1996-09-30,687.33
1996-10-31,705.27
1996-11-30,757.02
1996-12-31,740.74
1997-01-31,786.16
1997-02-28,790.82
1997-03-31,757.12
1997-04-30,801.34
1997-05-31,848.28
1997-06-30,885.14
1997-07-31,954.31
1997-08-31,899.47
1997-09-30,947.28
1997-10-31,914.62
1997-11-30,955.4
1997-12-31,970.43
1998-01-31,980.28
1998-02-28,1049.34
1998-03-31,1101.75
1998-04-30,1111.75
1998-05-31,1090.82
1998-06-30,1133.84
1998-07-31,1120.67
1998-08-31,957.28
1998-09-30,1017.01
1998-10-31,1098.67
1998-11-30,1163.63
1998-12-31,1229.23
1999-01-31,1279.64
1999-02-28,1238.33
1999-03-31,1286.37
1999-04-30,1335.18
1999-05-31,1301.84
1999-06-30,1372.71
1999-07-31,1328.72
1999-08-31,1320.41
1999-09-30,1282.71
1999-10-31,1362.93
1999-11-30,1389.07
1999-12-31,1469.25
2000-01-31,1394.46
2000-02-29,1366.42
2000-03-31,1498.58
2000-04-30,1452.43
2000-05-31,1420.6
2000-06-30,1454.6
2000-07-31,1430.83
2000-08-31,1517.68
2000-09-30,1436.51
2000-10-31,1429.4
2000-11-30,1314.95
2000-12-31,1320.28
2001-01-31,1366.01
2001-02-28,1239.94
2001-03-31,1160.33
2001-04-30,1249.46
2001-05-31,1255.82
2001-06-30,1224.38
2001-07-31,1211.23
2001-08-31,1133.58
2001-09-30,1040.94
2001-10-31,1059.78
2001-11-30,1139.45
2001-12-31,1148.08
2002-01-31,1130.2
2002-02-28,1106.73
2002-03-31,1147.39
2002-04-30,1076.92
2002-05-31,1067.14
2002-06-30,989.82
2002-07-31,911.62
2002-08-31,916.07
2002-09-30,815.28
2002-10-31,885.76
2002-11-30,936.31
2002-12-31,879.82
2003-01-31,855.7
2003-02-28,841.15
2003-03-31,848.18
2003-04-30,916.92
2003-05-31,963.59
2003-06-30,974.5
2003-07-31,990.31
2003-08-31,1008.01
2003-09-30,995.97
2003-10-31,1050.71
2003-11-30,1058.2
2003-12-31,1111.92
2004-01-31,1131.13
2004-02-29,1144.94
2004-03-31,1126.21
2004-04-30,1107.3
2004-05-31,1120.68
2004-06-30,1140.84
2004-07-31,1101.72
2004-08-31,1104.24
2004-09-30,1114.58
2004-10-31,1130.2
2004-11-30,1173.82
2004-12-31,1211.92
2005-01-31,1181.27
2005-02-28,1203.6
2005-03-31,1180.59
2005-04-30,1156.85
2005-05-31,1191.5
2005-06-30,1191.33
2005-07-31,1234.18
2005-08-31,1220.33
2005-09-30,1228.81
2005-10-31,1207.01
2005-11-30,1249.48
2005-12-31,1248.29
2006-01-31,1280.08
2006-02-28,1280.66
2006-03-31,1294.87
2006-04-30,1310.61
2006-05-31,1270.09
2006-06-30,1270.2
2006-07-31,1276.66
2006-08-31,1303.82
2006-09-30,1335.85
2006-10-31,1377.94
2006-11-30,1400.63
2006-12-31,1418.3
2007-01-31,1438.24
2007-02-28,1406.82
2007-03-31,1420.86
2007-04-30,1482.37
2007-05-31,1530.62
2007-06-30,1503.35
2007-07-31,1455.27
2007-08-31,1473.99
2007-09-30,1526.75
2007-10-31,1549.38
2007-11-30,1481.14
2007-12-31,1468.36
2008-01-31,1378.55
2008-02-29,1330.63
2008-03-31,1322.7
2008-04-30,1385.59
2008-05-31,1400.38
2008-06-30,1280.0
2008-07-31,1267.38
2008-08-31,1282.83
2008-09-30,1166.36
2008-10-31,968.75
2008-11-30,896.24
2008-12-31,903.25
2009-01-31,825.88
2009-02-28,735.09
2009-03-31,797.87
2009-04-30,872.81
2009-05-31,919.14
2009-06-30,919.32
2009-07-31,987.48
2009-08-31,1020.62
2009-09-30,1057.08
2009-10-31,1036.19
2009-11-30,1095.63
2009-12-31,1115.1
2010-01-31,1073.87
2010-02-28,1104.49
2010-03-31,1169.43
2010-04-30,1186.69
2010-05-31,1089.41
2010-06-30,1030.71
2010-07-31,1101.6
2010-08-31,1049.33
2010-09-30,1141.2
2010-10-31,1183.26
2010-11-30,1180.55
2010-12-31,1257.64
2011-01-31,1286.12
2011-02-28,1327.22
2011-03-31,1325.83
2011-04-30,1363.61
2011-05-31,1345.2
2011-06-30,1320.64
2011-07-31,1292.28
2011-08-31,1218.89
2011-09-30,1131.42
2011-10-31,1253.3
2011-11-30,1246.96
2011-12-31,1257.6
2012-01-31,1312.41
2012-02-29,1365.68
2012-03-31,1408.47
2012-04-30,1397.91
2012-05-31,1310.33
2012-06-30,1362.16
2012-07-31,1379.32
2012-08-31,1406.58
2012-09-30,1440.67
2012-10-31,1412.16
2012-11-30,1416.18
2012-12-31,1426.19
2013-01-31,1498.11
2013-02-28,1514.68
2013-03-31,1569.19
2013-04-30,1597.57
2013-05-31,1630.74
2013-06-30,1606.28
2013-07-31,1685.73
2013-08-31,1632.97
2013-09-30,1681.55
2013-10-31,1756.54
2013-11-30,1805.81
2013-12-31,1848.36
2014-01-31,1782.59
2014-02-28,1859.45
2014-03-31,1872.34
2014-04-30,1883.95
2014-05-31,1923.57
2014-06-30,1960.23
2014-07-31,1930.67
2014-08-31,2003.37
2014-09-30,1972.29
2014-10-31,2018.05
2014-11-30,2067.56
2014-12-31,2058.9
2015-01-31,1994.99
2015-02-28,2104.5
2015-03-31,2067.89
2015-04-30,2085.51
2015-05-31,2107.39
2015-06-30,2063.11
2015-07-31,2103.84
2015-08-31,1972.18
2015-09-30,1920.03
2015-10-31,2079.36
2015-11-30,2080.41
2015-12-31,2043.94
2016-01-31,1940.24
2016-02-29,1932.23
2016-03-31,2059.74
2016-04-30,2065.3
2016-05-31,2096.95
2016-06-30,2098.86
2016-07-31,2173.6
2016-08-31,2170.95
2016-09-30,2168.27
2016-10-31,2126.15
2016-11-30,2198.81
2016-12-31,2238.83
2017-01-31,2278.87
2017-02-28,2363.64
2017-03-31,2362.72
2017-04-30,2384.2
2017-05-31,2411.8
2017-06-30,2423.41
2017-07-31,2470.3
2017-08-31,2471.65
2017-09-30,2519.36
2017-10-31,2575.26
2017-11-30,2647.58
2017-12-31,2673.61
2018-01-31,2823.81
2018-02-28,2713.83
2018-03-31,2640.87
2018-04-30,2648.05
2018-05-31,2705.27
2018-06-30,2718.37
2018-07-31,2816.29
2018-08-31,2901.52
2018-09-30,2913.98
2018-10-31,2711.74
2018-11-30,2760.17
2018-12-31,2506.85
2019-01-31,2704.1
2019-02-28,2784.49
2019-03-31,2834.4
2019-04-30,2945.83
2019-05-31,2752.06
2019-06-30,2941.76
2019-07-31,2980.38
2019-08-31,2926.46
2019-09-30,2976.74
2019-10-31,3037.56
2019-11-30,3140.98
2019-12-31,3230.78
2020-01-31,3225.52
2020-02-29,2954.22
2020-03-31,2584.59
2020-04-30,2912.43
2020-05-31,3044.31
2020-06-30,3100.29
2020-07-31,3271.12
2020-08-31,3500.31
2020-09-30,3363.0
2020-10-31,3269.96
2020-11-30,3621.63
2020-12-31,3756.07
2021-01-31,3714.24
2021-02-28,3811.15
2021-03-31,3972.89
2021-04-30,4181.17
2021-05-31,4204.11
2021-06-30,4297.5
2021-07-31,4395.26
2021-08-31,4522.68
2021-09-30,4307.54
2021-10-31,4605.38
2021-11-30,4567.0
2021-12-31,4766.18
2022-01-31,4515.55
2022-02-28,4373.94
2022-03-31,4530.41
2022-04-30,4131.93
2022-05-31,4132.15
2022-06-30,3785.38
2022-07-31,4130.29
2022-08-31,3955.0
2022-09-30,3585.62
2022-10-31,3871.98
2022-11-30,4080.11
2022-12-31,3839.5
2023-01-31,4076.6
2023-02-28,3970.15
2023-03-31,4109.31
2023-04-30,4169.48
2023-05-31,4179.83
2023-06-30,4450.38
2023-07-31,4588.96
2023-08-31,4507.66
2023-09-30,4288.05
2023-10-31,4193.8
2023-11-30,4567.8
2023-12-31,4769.83
2024-01-31,4845.65
2024-02-29,5096.27
2024-03-31,5254.35
2024-04-30,5035.69
2024-05-31,5277.51
2024-06-30,5460.48
2024-07-31,5522.3
2024-08-31,5648.4
2024-09-30,5762.48
2024-10-31,5705.45
2024-11-30,6032.38
2024-12-31,5881.63
2025-01-31,6040.53
2025-02-28,5954.5
2025-03-31,5611.85
2025-04-30,5569.06
2025-05-31,5911.69
2025-06-30,6204.95
2025-07-31,6339.39
2025-08-31,6460.26
2025-09-30,6688.46
2025-10-31,6840.2
2025-11-30,6849.09
2025-12-31,6845.5
2026-01-31,6939.03
2026-02-28,6878.88
2026-03-31,6688.88
